id,particular,amount,date,desc,payment_by,dealer_id,transaction_id,updated_by,created_by,deleted_by,status,created_at,updated_at,deleted_at
,Hello ex amount 1000  app,1000,01-03-2022,,1,2,3,1,1,,1,,10-03-2022 16:14,
,Hello ex amount 9000  app,9000,01-03-2022,,9,9,1,1,6,,1,,11-03-2022 04:14,
,Hello ex amount 3000  app,3000,31-01-2022,,9,6,3,1,8,,1,,11-03-2022 04:14,
,Hello ex amount 7000  app,7000,31-01-2022,,3,5,5,1,5,,1,,10-03-2022 16:14,
,Hello ex amount 3000  app,3000,31-01-2022,,9,1,4,1,8,,1,,11-03-2022 04:14,
,Hello ex amount 9000  app,9000,31-01-2022,,6,1,3,1,8,,1,,10-03-2022 16:14,
,Hello ex amount 8000  app,8000,28-02-2022,,10,6,5,1,10,,1,,13-03-2022 10:17,
,Hello ex amount 10000  app,10000,28-08-2021,,3,3,5,1,6,,1,,10-03-2022 13:05,
,Hello ex amount 4000  app1,4000,01-03-2022,,10,5,3,1,8,,1,,10-03-2022 13:05,
,Hello ex amount 5000  app1,5000,01-03-2022,,6,8,3,1,6,,1,,10-03-2022 13:05,
,Hello ex amount 10000  app0,10000,01-03-2022,,4,9,4,1,1,,1,,13-03-2022 10:17,
,Hello ex amount 4000  app0,4000,01-03-2022,,4,3,1,1,10,,1,,10-03-2022 13:04,
,Hello ex amount 2000  app1,2000,31-01-2022,,3,7,5,1,5,,1,,10-03-2022 16:06,
,Hello ex amount 3000  app1,3000,31-01-2022,,4,9,1,1,3,,1,,10-03-2022 13:04,
,Hello ex amount 1000  app0,1000,31-01-2022,,4,4,5,1,10,,1,,10-03-2022 16:06,
,Hello ex amount 9000  app1,9000,31-01-2022,,7,9,3,1,1,,1,,10-03-2022 13:04,
,Hello ex amount 8000  app0,8000,28-02-2022,,2,4,5,1,3,,1,,10-03-2022 13:01,
,Hello ex amount 1000  app1,1000,28-02-2022,,3,5,3,1,4,,1,,10-03-2022 16:05,
,Hello ex amount 6000  app0,6000,01-03-2022,,7,2,3,1,9,,1,,10-03-2022 16:06,
,Hello ex amount 1000  app0,1000,01-03-2022,,8,4,2,1,1,,1,,10-03-2022 13:04,
,Hello ex amount 10000  app0,10000,01-03-2022,,5,7,1,1,9,,1,,10-03-2022 16:05,
,Hello ex amount 9000  app1,9000,01-03-2022,,4,6,3,1,10,,1,,10-03-2022 13:04,
,Hello ex amount 9000  app1,9000,01-03-2022,,7,5,1,1,8,,1,,10-03-2022 16:06,
,Hello ex amount 5000  app1,5000,31-01-2022,,10,2,4,1,6,,1,,10-03-2022 13:04,
,Hello ex amount 4000  app1,4000,31-01-2022,,8,9,1,1,1,,1,,10-03-2022 16:06,
,Hello ex amount 4000  app1,4000,31-01-2022,,3,9,4,1,4,,1,,10-03-2022 16:06,
,Hello ex amount 2000  app0,2000,31-01-2022,,2,1,1,1,10,,1,,10-03-2022 16:06,
,Hello ex amount 5000  app0,5000,28-02-2022,,8,5,1,1,8,,1,,10-03-2022 13:05,
,Hello ex amount 9000  app0,9000,28-02-2022,,1,5,2,1,9,,1,,10-03-2022 13:05,
,Dicta consequatur b,5000,07-03-2022,Expedita voluptatem,1,2,2,1,1,,1,10-03-2022 13:19,10-03-2022 16:05,
,Dicta consequatur b,8000,07-03-2022,Expedita voluptatem,1,3,2,1,1,,1,10-03-2022 13:19,10-03-2022 16:05,
,Dicta consequatur b,10000,07-03-2022,Expedita voluptatem,1,4,2,1,1,,1,10-03-2022 13:19,10-03-2022 16:05,
